class,movie_name,frame_count,frame_size,split
strike,Seq1_23DPH_F02 - frames 304909-305424 S-cropped.avi,50,300,test
strike,Seq1_23DPH_F02 - frames 48142-49282 Fx4 I&O-1 seg1-cropped.avi,54,400,test
strike,Seq1_26DPH_F06 - frames 992509-993529 FX2 I&O-0-cropped.avi,34,450,test
strike,Seq2_27DPH_F12 - frames 148928-150263-0-cropped.avi,36,400,test
strike,Seq2_27DPH_F12 - frames 246290-246443-0-cropped.avi,75,400,test
strike,Seq2_30DPH_F15 - frames 150884-150945-0-cropped.avi,41,400,test
strike,Seq2_30DPH_F15 - frames 180796-182501-0-cropped.avi,47,350,test
strike,Seq2_30DPH_F15 - frames 180796-182501-1-cropped.avi,62,350,test
strike,Seq2_30DPH_F15 - frames 20289-20385-0-cropped.avi,62,350,test
strike,Seq2_30DPH_F15 - frames 208892-209011-0-cropped.avi,43,400,test
strike,Seq2_30DPH_F15 - frames 317146-318513-0-cropped.avi,53,400,test
strike,Seq2_30DPH_F15 - frames 317146-318513-2-cropped.avi,55,350,test
strike,Seq2_30DPH_F15 - frames 402786-402880-0-cropped.avi,43,300,test
strike,Seq2_30DPH_F15 - frames 412494-412600-0-cropped.avi,47,300,test
strike,Seq2_30DPH_F15 - frames 439457-439545-0-cropped.avi,58,250,test
strike,Seq2_30DPH_F15 - frames 78674-79461-1-cropped.avi,36,450,test
swim,Seq1_25DPH_F03 - frame 342769 coords 787-866 fish0-cropped.avi,62,400,test
swim,Seq1_25DPH_F03 - frame 466578 coords 719-310 fish0-cropped.avi,33,500,test
swim,Seq2_30DPH_F15 - frame_10948_coords_228-581_fish1-cropped.avi,75,350,test
swim,Seq2_30DPH_F15 - frame_122199_coords_1640-116_fish2-cropped.avi,44,300,test
swim,Seq2_30DPH_F15 - frame_13041_coords_578-69_fish3-cropped.avi,26,300,test
swim,Seq2_30DPH_F15 - frame_13524_coords_109-53_fish4-cropped.avi,52,350,test
swim,Seq2_30DPH_F15 - frame_148925_coords_1063-196_fish2-cropped.avi,40,350,test
swim,Seq2_30DPH_F15 - frame_155043_coords_211-236_fish0-cropped.avi,53,350,test
swim,Seq2_30DPH_F15 - frame_189175_coords_948-792_fish0-cropped.avi,30,300,test
swim,Seq2_30DPH_F15 - frame_203504_coords_633-166_fish1-cropped.avi,105,400,test
swim,Seq2_30DPH_F15 - frame_21896_coords_750-400_fish0-cropped.avi,38,550,test
swim,Seq2_30DPH_F15 - frame_242627_coords_952-722_fish0-cropped.avi,43,300,test
swim,Seq2_30DPH_F15 - frame_47334_coords_1536-258_fish1-cropped.avi,34,400,test
swim,Seq2_30DPH_F15 - frame_519386_coords_1684-608_fish0-cropped.avi,40,424,test
swim,Seq2_30DPH_F15 - frame_66493_coords_914-723_fish0-cropped.avi,36,300,test
swim,Seq2_30DPH_F15 - frame_66654_coords_1077-520_fish2-cropped.avi,40,300,test
swim,Seq2_30DPH_F15 - frame_80017_coords_1340-265_fish2-cropped.avi,31,300,test
swim,SeqNA_30DPH_F02 - frame 204631 coords 789-206 fish0-cropped.avi,40,600,test
swim,SeqNA_30DPH_F02 - frame 209783 coords 544-290 fish1-cropped.avi,33,400,test
strike,Seq1_30DPH_F15 - frames 515465-516731-1-cropped.avi,139,450,train
strike,Seq1_10DPH_F06 - frames 149040-149265 success-0-cropped.avi,48,400,train
strike,Seq1_23DPH_F12 - frames 161156-161545-3-cropped.avi,35,300,train
strike,Seq1_23DPH_F12 - frames 199086-200004-0-cropped.avi,26,250,train
strike,Seq1_23DPH_F12 - frames 96149-96549-0-cropped.avi,48,300,train
strike,Seq1_23DPH_F13 - frames 477849-478040-0-cropped.avi,40,400,train
strike,Seq1_25DPH_F02 - frames 397945-398495 S-cropped.avi,51,350,train
strike,Seq1_26DPH_F12 - frames 361750-361961-0.avi,29,650,train
strike,Seq1_26DPH_F12 - frames 587561-587710-0.avi,105,650,train
strike,Seq1_27DPH_F14 - frames 444019-444146-0-cropped.avi,32,300,train
strike,Seq1_30DPH_F13 - frames 253066-253265-0-cropped.avi,40,300,train
strike,Seq1_30DPH_F13 - frames 345142-345288-0-cropped.avi,61,500,train
strike,Seq1_30DPH_F13 - frames 556994-557262-0-cropped.avi,32,374,train
strike,Seq1_30DPH_F13 - frames 99030-99135-0-cropped.avi,35,400,train
strike,Seq1_30DPH_F15 - frames 125331-125415-0-cropped.avi,44,350,train
strike,Seq1_30DPH_F15 - frames 147970-148154-0-cropped.avi,58,400,train
strike,Seq1_30DPH_F15 - frames 332573-332651-0-cropped.avi,34,350,train
strike,Seq1_30DPH_F15 - frames 358782-358816-0-cropped.avi,36,400,train
strike,Seq1_30DPH_F15 - frames 370196-370355-0-cropped.avi,36,350,train
strike,Seq1_30DPH_F15 - frames 513767-513940-0-cropped.avi,56,350,train
strike,Seq1_30DPH_F15 - frames 589218-589283-0-cropped.avi,28,400,train
strike,Seq1_7DPH_F06 - frames 285963-286121 ---0-cropped.avi,40,450,train
strike,Seq1_7DPH_F10 - frames 664851-665851-0-cropped.avi,39,400,train
strike,Seq1_8DPH_F06 - frames 222141-222388 F-0-cropped.avi,34,300,train
strike,Seq1_9DPH_F10 - frames 119095-119320 S-cropped.avi,41,550,train
strike,Seq2_10DPH_F14 - frames 201045-201348-0-cropped.avi,40,400,train
strike,Seq2_10DPH_F14 - frames 29052-29138-0-cropped.avi,24,450,train
strike,Seq2_20DPH_F13 - frames 27458-27481-0-cropped.avi,31,400,train
strike,Seq2_20DPH_F13 - frames 330763-330802-0-cropped.avi,35,450,train
strike,Seq2_23DPH_F13 - frames 125974-126056-0-cropped.avi,38,350,train
strike,Seq2_23DPH_F13 - frames 399150-399230-0-cropped.avi,30,400,train
strike,Seq2_26DPH_F12 - frames 62603-63099-0.avi,78,650,train
strike,Seq2_27DPH_F14 - frames 31266-31301-0-cropped.avi,30,400,train
strike,Seq2_27DPH_F14 - frames 538532-538587-0-cropped.avi,36,300,train
strike,Seq2_28DPH_F15 - frames 264601-264824-0-cropped.avi,60,350,train
strike,Seq2_28DPH_F15 - frames 371703-374257-2-cropped.avi,33,300,train
strike,Seq3_13DPH_F02 - frames 772988-773408 S-cropped.avi,44,300,train
strike,Seq3_16DPH_F09 - frames 484528-484713 S-0-cropped.avi,40,400,train
strike,Seq3_24DPH_F15 - frames 202-249-0-cropped.avi,48,300,train
swim,Seq1_16DPH_F03 - frame 309603 coords 693-355 fish1-cropped.avi,39,400,train
swim,Seq1_16DPH_F03 - frame 533876 coords 264-608 fish0-cropped.avi,46,400,train
swim,Seq1_20DPH_F03 - 500px frame 786324 coords 993-748 fish0-cropped.avi,60,400,train
swim,Seq1_20DPH_F03 - 500px frame 841708 coords 1734-924 fish0-cropped.avi,46,400,train
swim,Seq1_30DPH_F15 - frame_123487_coords_1261-774_fish0-cropped.avi,55,300,train
swim,Seq1_30DPH_F15 - frame_127512_coords_1732-257_fish1-cropped.avi,47,400,train
swim,Seq1_30DPH_F15 - frame_160839_coords_1548-244_fish0-cropped.avi,54,400,train
swim,Seq1_30DPH_F15 - frame_186116_coords_1499-154_fish3-cropped.avi,28,400,train
swim,Seq1_30DPH_F15 - frame_193039_coords_1370-414_fish0-cropped.avi,40,400,train
swim,Seq1_30DPH_F15 - frame_416024_coords_264-355_fish0-cropped.avi,51,400,train
swim,Seq1_30DPH_F15 - frame_467705_coords_1841-213_fish0-cropped.avi,139,400,train
swim,Seq1_30DPH_F15 - frame_506667_coords_1715-312_fish0-cropped.avi,41,400,train
swim,Seq1_30DPH_F15 - frame_510209_coords_1763-304_fish0-cropped.avi,40,400,train
swim,Seq1_30DPH_F15 - frame_512624_coords_1620-318_fish0-cropped.avi,52,400,train
swim,Seq1_30DPH_F15 - frame_519869_coords_1603-215_fish1-cropped.avi,40,400,train
swim,Seq1_30DPH_F15 - frame_69069_coords_885-379_fish1-cropped.avi,35,400,train
swim,Seq1_30DPH_F15 - frame_69230_coords_407-242_fish2-cropped.avi,28,400,train
swim,Seq1_30DPH_F15 - frame_72450_coords_238-652_fish0-cropped.avi,40,300,train
swim,Seq1_30DPH_F15 - frame_79856_coords_1292-209_fish0-cropped.avi,35,400,train
swim,Seq1_30DPH_F15 - frame_99981_coords_1505-405_fish0-cropped.avi,62,450,train
swim,SeqNA_20DPH_F10 - 500px frame 1260791 coords 718-989 fish0.avi,40,500,train
swim,SeqNA_20DPH_F10 - 650px frame 589582 coords 1672-684 fish0.avi,43,650,train
swim,SeqNA_24DPH_F05 - frame 230391 coords 1028-523 fish1-cropped.avi,30,400,train
swim,SeqNA_24DPH_F05 - frame 518098 coords 1398-686 fish1.avi,38,650,train
swim,SeqNA_25DPH_F02 - 500px frame 835107 coords 1333-176 fish0.avi,39,500,train
swim,SeqNA_32DPH_F04 - frame 79929 coords 1504-659 fish1.avi,51,650,train
swim,SeqNA_7DPH_F10 -  frame 507560 fish 1.avi,42,500,train
swim,Seq1_30DPH_F15 - frame_233611_coords_1453-694_fish0-cropped.avi,51,400,train
swim,Seq1_30DPH_F15 - frame_235704_coords_1624-428_fish0-cropped.avi,43,400,train
swim,Seq1_30DPH_F15 - frame_256634_coords_97-476_fish0-cropped.avi,46,400,train
swim,Seq1_30DPH_F15 - frame_258405_coords_213-453_fish0-cropped.avi,39,400,train
swim,Seq1_30DPH_F15 - frame_258566_coords_213-398_fish0-cropped.avi,34,400,train
swim,Seq1_30DPH_F15 - frame_267904_coords_1098-857_fish0-cropped.avi,51,400,train
swim,Seq1_30DPH_F15 - frame_295274_coords_1539-383_fish0-cropped.avi,52,400,train
swim,Seq1_30DPH_F15 - frame_344701_coords_201-413_fish0-cropped.avi,39,400,train
swim,Seq1_30DPH_F15 - frame_358869_coords_1695-472_fish0-cropped.avi,51,400,train
swim,Seq1_30DPH_F15 - frame_391874_coords_1502-303_fish0-cropped.avi,36,400,train
swim,Seq1_30DPH_F15 - frame_392035_coords_1698-104_fish0-cropped.avi,40,400,train
swim,Seq1_30DPH_F15 - frame_393162_coords_266-356_fish0-cropped.avi,24,400,train
swim,Seq1_30DPH_F15 - frame_225883_coords_1664-342_fish0-cropped.avi,55,400,train
swim,Seq1_30DPH_F15 - frame_414575_coords_1590-283_fish1-cropped.avi,26,400,train
strike,Seq1_26DPH_F02 - frames 148822-149182 S Spit-cropped.avi,46,500,val
strike,Seq1_26DPH_F02 - frames 64935-65415 S-cropped.avi,51,400,val
strike,Seq1_26DPH_F02 - frames 732837-733217 (cant see prey)-0-cropped.avi,36,500,val
strike,Seq2_25DPH_F12 - frames 255151-255259-0-cropped.avi,52,300,val
strike,Seq2_25DPH_F12 - frames 357167-357288-0-cropped.avi,42,300,val
strike,Seq2_25DPH_F12 - frames 365361-365524-0-cropped.avi,46,350,val
strike,Seq2_25DPH_F12 - frames 523155-523489-0-cropped.avi,32,300,val
strike,Seq2_25DPH_F12 - frames 639333-639427-0-cropped.avi,44,300,val
strike,Seq2_25DPH_F12 - frames 730451-730689-0-cropped.avi,26,300,val
strike,Seq2_25DPH_F12 - frames 817061-817116-0-cropped.avi,26,300,val
strike,Seq2_27DPH_F06 - frames 3867-3971 S-0.avi,42,650,val
swim,SeqNA_25DPH_F12 - frame 14168 coords 1292-677 fish1-cropped.avi,32,250,val
swim,SeqNA_25DPH_F12 - frame 153272 coords 851-948 fish0-cropped.avi,47,300,val
swim,SeqNA_25DPH_F12 - frame 194166 coords 1122-443 fish7-cropped.avi,47,300,val
swim,SeqNA_25DPH_F12 - frame 247457 coords 836-493 fish1-cropped.avi,40,300,val
swim,SeqNA_25DPH_F12 - frame 260176 coords 535-630 fish0-cropped.avi,58,250,val
swim,SeqNA_25DPH_F12 - frame 325220 coords 718-450 fish1-cropped.avi,78,300,val
swim,SeqNA_25DPH_F12 - frame 391230 coords 1094-414 fish3-cropped.avi,33,350,val
swim,SeqNA_26DPH_F02 - 500px frame 238441 coords 1377-189 fish0-cropped.avi,58,300,val
swim,SeqNA_26DPH_F02 - 800px frame 804839 coords 1232-193 fish0-cropped.avi,55,400,val
swim,SeqNA_27DPH_F06 - frame 361446 coords 379-274 fish2.avi,75,650,val
swim,SeqNA_27DPH_F06 - frame_586845_coords_275-579_fish6.avi,50,650,val