﻿vid_code,class,split,num_vids,filming_setup
Seq1_30DPH_F15,strike,train,8,new
Seq1_30DPH_F13,strike,train,4,new
Seq1_23DPH_F13,strike,train,1,new
Seq2_23DPH_F13,strike,train,2,new
Seq1_27DPH_F14,strike,train,1,new
Seq2_27DPH_F14,strike,train,2,new
Seq1_23DPH_F12,strike,train,3,new
Seq1_26DPH_F12,strike,train,2,new
Seq2_26DPH_F12,strike,train,1,new
Seq2_28DPH_F15,strike,train,2,new
Seq2_10DPH_F14,strike,train,2,new
Seq2_20DPH_F13,strike,train,2,new
Seq3_24DPH_F15,strike,train,1,new
Seq1_7DPH_F06,strike,train,1,old
Seq1_7DPH_F10,strike,train,1,old
Seq3_16DPH_F09,strike,train,1,old
Seq1_10DPH_F06,strike,train,1,old
Seq3_13DPH_F02,strike,train,1,old
Seq1_8DPH_F06,strike,train,1,old
Seq1_9DPH_F10,strike,train,1,old
Seq1_25DPH_F02,strike,train,1,old
Seq1_20DPH_F03,swim,train,1256,old
Seq1_16DPH_F03,swim,train,131,old
SeqNA_25DPH_F02,swim,train,92,old
Seq1_32DPH_F04,swim,train,24,old
Seq1_24DPH_F05,swim,train,296,old
Seq1_7DPH_F10,swim,train,58,old
Seq1_20DPH_F10,swim,train,600,old
Seq1_30DPH_F15,swim,train,428,new
Seq2_25DPH_F12,strike,val,7,new
Seq1_26DPH_F02,strike,val,3,old
Seq2_27DPH_F06,strike,val,1,old
Seq1_26DPH_F02,swim,val,66,old
Seq1_27DPH_F06,swim,val,264,old
Seq2_25DPH_F12,swim,val,2375,new
Seq2_30DPH_F15,strike,test,11,new
Seq1_23DPH_F02,strike,test,2,old
Seq1_26DPH_F06,strike,test,1,old
Seq2_27DPH_F12,strike,test,2,new
Seq1_25DPH_F03,swim,test,62,old
Seq2_30DPH_F15,swim,test,291,new
SeqNA_30DPH_F02,swim,test,22,old